SET DATEFORMAT DMY
--XE
GO
INSERT INTO XE (MAXE, TENXE, GIA, SL, NAMSX, NOISX, MALOAI)
VALUES (N'XE1', N'Honda CBR 150R', 72000000, 10, 2021, N'Indonesia', null)--xe nhap khau
GO
INSERT INTO XE (MAXE, TENXE, GIA, SL, NAMSX, NOISX, MALOAI)
VALUES (N'XE2', N'Honda Vario 150', 74000000, 20, 2021, N'Indonesia', null)--xe nhap khau
GO
INSERT INTO XE (MAXE, TENXE, GIA, SL, NAMSX, NOISX, MALOAI)
VALUES (N'XE3', N'Yamaha Grande', 55000000, 10, 2018, N'Việt Nam', null)--xe tay ga
GO
INSERT INTO XE (MAXE, TENXE, GIA, SL, NAMSX, NOISX, MALOAI)
VALUES (N'XE4', N'Honda SH 150i', 128000000, 20, 2019, N'Việt Nam', null)--xe tay ga
GO
INSERT INTO XE (MAXE, TENXE, GIA, SL, NAMSX, NOISX, MALOAI)--xe so
VALUES (N'XE5', N'Yamaha Sirus FI', 25500000, 20, 2020, N'Việt Nam', null)
GO
INSERT INTO XE (MAXE, TENXE, GIA, SL, NAMSX, NOISX, MALOAI)--xe so
VALUES (N'XE6', N'Honda Wave RSX', 27900000, 20, 2019, N'Việt Nam', null)
GO
INSERT INTO XE (MAXE, TENXE, GIA, SL, NAMSX, NOISX, MALOAI)
VALUES (N'XE7 ', N'Yamaha Exciter 155 GP', 49800000, 20, 2018, N'Việt Nam', null)--xe tay con
GO
INSERT INTO XE (MAXE, TENXE, GIA, SL, NAMSX, NOISX, MALOAI)
VALUES (N'XE8', N'Honda Sonic 150R', 62000000, 20, 2018, N'Indonesia', null)-- xe tay con
GO
INSERT INTO XE (MAXE, TENXE, GIA, SL, NAMSX, NOISX, MALOAI)
VALUES (N'XE9', N'Honda SH Mode', 80000000, 20, 2022, N'Mỹ', null)--tay ga
GO
INSERT INTO XE (MAXE, TENXE, GIA, SL, NAMSX, NOISX, MALOAI)
VALUES (N'XE10', N'Honda SH 125i', 85000000, 20, 2020, N'Indonesia', null)--tay ga
--NHAN VIEN
GO
INSERT INTO NV (MANV, TENNV, PHAI, NGAYSINH, LUONG, MALOAI)
VALUES (N'NV1',N'Nguyễn Thị Hồng Nhung', N'Nữ', '10/4/1988', 3000000, NULL)
GO
INSERT INTO NV (MANV, TENNV, PHAI, NGAYSINH, LUONG, MALOAI)
VALUES (N'NV2',N'Nguyễn Thị Thủy', N'Nữ', '20/5/1989', 4000000, NULL)
GO
INSERT INTO NV (MANV, TENNV, PHAI, NGAYSINH, LUONG, MALOAI)
VALUES (N'NV3',N'Nguyễn Văn Bình', N'Nam', '15/6/1995', 4500000, NULL)
GO
INSERT INTO NV (MANV, TENNV, PHAI, NGAYSINH, LUONG, MALOAI)
VALUES (N'NV4',N'Trần Thị Ngân', N'Nữ', '16/4/1988', 8000000, NULL)
GO
INSERT INTO NV (MANV, TENNV, PHAI, NGAYSINH, LUONG, MALOAI)
VALUES (N'NV5',N'Lý Văn Lâm', N'Nam', '14/6/1998', 4000000, NULL)
GO
INSERT INTO NV (MANV, TENNV, PHAI, NGAYSINH, LUONG, MALOAI)
VALUES (N'NV6',N'Nguyễn Duy Quân', N'Nam', '15/10/1989', 10000000, NULL)
GO
INSERT INTO NV (MANV, TENNV, PHAI, NGAYSINH, LUONG, MALOAI)
VALUES (N'NV7',N'Nguyễn Thị Hồng Lan', N'Nữ', '11/8/1988', 8000000, NULL)
GO
INSERT INTO NV (MANV, TENNV, PHAI, NGAYSINH, LUONG, MALOAI)
VALUES (N'NV8',N'Nguyễn Hồng Thúy', N'Nữ', '19/2/1994', 12000000, NULL)
GO
INSERT INTO NV (MANV, TENNV, PHAI, NGAYSINH, LUONG, MALOAI)
VALUES (N'NV9',N'Trần Văn Anh', N'Nam', '28/10/1985', 14000000, NULL)
GO
INSERT INTO NV (MANV, TENNV, PHAI, NGAYSINH, LUONG, MALOAI)
VALUES (N'NV10',N'Trần Minh Phương', N'Nam', '24/4/1992', 24000000, NULL)
--LOAI XE
GO
INSERT INTO LOAIXE (MALOAI, TENLOAI, PK)
VALUES (N'LOAI1', N'Xe tay ga', N'180 km/h')
GO
INSERT INTO LOAIXE (MALOAI, TENLOAI, PK)
VALUES (N'LOAI2', N'Xe tay con', N'280 km/h')
GO
INSERT INTO LOAIXE (MALOAI, TENLOAI, PK)
VALUES (N'LOAI3', N'Xe nhap khau', N'240 km/h')
GO
INSERT INTO LOAIXE (MALOAI, TENLOAI, PK)
VALUES (N'LOAI4', N'Xe so', N'160 km/h')
--UPDATE NV
GO
UPDATE NV
SET MALOAI=N'LOAI3'
WHERE MANV=N'NV1' OR MANV=N'NV2'
GO
UPDATE NV
SET MALOAI=N'LOAI1'
WHERE MANV=N'NV3' OR MANV=N'NV4' OR MANV=N'NV9' OR MANV=N'NV10'
GO
UPDATE NV
SET MALOAI=N'LOAI4'
WHERE MANV=N'NV5' OR MANV=N'NV6'
GO
UPDATE NV
SET MALOAI=N'LOAI2'
WHERE MANV=N'NV7' OR MANV=N'NV8'
--UPDATE XE
GO
UPDATE XE
SET MALOAI=N'LOAI3'
WHERE MAXE=N'XE1' OR MAXE=N'XE2'
GO
UPDATE XE
SET MALOAI=N'LOAI1'
WHERE MAXE=N'XE3' OR MAXE=N'XE4' OR MAXE=N'XE9' OR MAXE=N'XE10'
GO
UPDATE XE
SET MALOAI=N'LOAI4'
WHERE MAXE=N'XE5' OR MAXE=N'XE6'
GO
UPDATE XE
SET MALOAI=N'LOAI2'
WHERE MAXE=N'XE7' OR MAXE=N'XE8'
--PHIEU XUAT
GO
INSERT INTO PX (MAPX, NGAYXUAT,MANV, MAKH)
VALUES (N'PX1', '10/4/2005', N'NV5', NULL)
GO
INSERT INTO PX (MAPX, NGAYXUAT,MANV, MAKH)
VALUES (N'PX2', '15/10/2008', N'NV6', NULL)
GO
INSERT INTO PX (MAPX, NGAYXUAT,MANV, MAKH)
VALUES (N'PX3', '25/8/2010', N'NV7', NULL)
GO
INSERT INTO PX (MAPX, NGAYXUAT,MANV, MAKH)
VALUES (N'PX4', '15/10/2012', N'NV6', NULL)
GO
INSERT INTO PX (MAPX, NGAYXUAT,MANV, MAKH)
VALUES (N'PX5', '16/12/2014', N'NV5', NULL)
--PHIEU NHAP
GO
INSERT INTO PN (MAPN, NGAYNHAP, MANV)
VALUES (N'PN1', '10/4/2005', N'NV8')
GO
INSERT INTO PN (MAPN, NGAYNHAP, MANV)
VALUES (N'PN2', '15/10/2008', N'NV9')
GO
INSERT INTO PN (MAPN, NGAYNHAP, MANV)
VALUES (N'PN3', '25/8/2010', N'NV10')
GO
INSERT INTO PN (MAPN, NGAYNHAP, MANV)
VALUES (N'PN4', '15/10/2012', N'NV8')
GO
INSERT INTO PN (MAPN, NGAYNHAP, MANV)
VALUES (N'PN5', '16/12/2014', N'NV8')
--KHACH HANG
GO
INSERT INTO KH (MAKH, TENKH, DIACHI, PHAI)
VALUES (N'KH1', N'Lê Hồng Thúy', N'24 Đồng Khởi', N'Nữ')
GO
INSERT INTO KH (MAKH, TENKH, DIACHI, PHAI)
VALUES (N'KH2', N'Nguyễn Thị Linh', N'Đà Nẵng', N'Nữ')
GO
INSERT INTO KH (MAKH, TENKH, DIACHI, PHAI)
VALUES (N'KH3', N'Lê Văn Long', N'TP Hồ Chí Minh', N'Nam')
GO
INSERT INTO KH (MAKH, TENKH, DIACHI, PHAI)
VALUES (N'KH4', N'Nguyễn Văn Nam', N'24 Đồng Khởi', N'Nam')
GO
INSERT INTO KH (MAKH, TENKH, DIACHI, PHAI)
VALUES (N'KH5', N'Nguyễn Thị Phương Vy', N'TP Hồ Chí Minh', N'Nữ')
--UPDATE PX
UPDATE PX
SET MAKH=N'KH1'
WHERE MAPX=N'PX1'
UPDATE PX
SET MAKH=N'KH2'
WHERE MAPX=N'PX2'
UPDATE PX
SET MAKH=N'KH3'
WHERE MAPX=N'PX3'
UPDATE PX
SET MAKH=N'KH4'
WHERE MAPX=N'PX4'
UPDATE PX
SET MAKH=N'KH5'
WHERE MAPX=N'PX5'
--NHA CUNG CAP
GO
INSERT INTO NHACC (MANHACC, TENNHACC, DIACHINCC, MAPN)
VALUES (N'NHACC1', N'YAMAHA', N'TP Hồ Chí Minh', N'PN1')
GO
INSERT INTO NHACC (MANHACC, TENNHACC, DIACHINCC, MAPN)
VALUES (N'NHACC2', N'Honda Phú Thành', N' 148 Lê văn Sỹ', N'PN2')
GO
INSERT INTO NHACC (MANHACC, TENNHACC, DIACHINCC, MAPN)
VALUES (N'NHACC3', N'HEAD Phát Tiến', N'TP Hồ Chí Minh', N'PN3')
GO
INSERT INTO NHACC (MANHACC, TENNHACC, DIACHINCC, MAPN)
VALUES (N'NHACC4', N'HEAD Tân Long Vân', N'135 Nguyễn Sơn', N'PN4')
GO
INSERT INTO NHACC (MANHACC, TENNHACC, DIACHINCC, MAPN)
VALUES (N'NHACC5', N'Honda Sơn Minh', N'Lý Tự Trọng', N'PN5')
--THUE
GO
INSERT INTO THUE (MATHUE, GIATHUE, MAPN)
VALUES (N'THUE1', 2000000, N'PN1')
GO
INSERT INTO THUE (MATHUE, GIATHUE, MAPN)
VALUES (N'THUE2', 4000000, N'PN2')
GO
INSERT INTO THUE (MATHUE, GIATHUE, MAPN)
VALUES (N'THUE3', 2000000, N'PN3')
GO
INSERT INTO THUE (MATHUE, GIATHUE, MAPN)
VALUES (N'THUE4', 2500000, N'PN4')
GO
INSERT INTO THUE (MATHUE, GIATHUE, MAPN)
VALUES (N'THUE5', 2400000, N'PN5')
--KHUYEN MAI
GO
INSERT INTO KM (MAKM, NGAYHH, PHANTRAMKM, MAXE)
VALUES (N'KM1', '10/4/2019', 25, N'XE1')
GO
INSERT INTO KM (MAKM, NGAYHH, PHANTRAMKM, MAXE)
VALUES (N'KM2', '10/4/2020', 5, N'XE2')
GO
INSERT INTO KM (MAKM, NGAYHH, PHANTRAMKM, MAXE)
VALUES (N'KM3', '10/4/2015', 10, N'XE3')
GO
INSERT INTO KM (MAKM, NGAYHH, PHANTRAMKM, MAXE)
VALUES (N'KM4', '10/4/2018', 15, N'XE4')
--CTPN
GO
INSERT INTO CTPN (MAPN, MAXE, SL, GIA)
VALUES (N'PN1', N'XE2', 2, 148000000)
GO
INSERT INTO CTPN (MAPN, MAXE, SL, GIA)
VALUES (N'PN2', N'XE4', 2, 256000000)
GO
INSERT INTO CTPN (MAPN, MAXE, SL, GIA)
VALUES (N'PN3', N'XE5', 2, 51000000)
GO
INSERT INTO CTPN (MAPN, MAXE, SL, GIA)
VALUES (N'PN4', N'XE1', 1, 72000000)
GO
INSERT INTO CTPN (MAPN, MAXE, SL, GIA)
VALUES (N'PN5', N'XE2', 2, 148000000)
--CTPX
GO
INSERT INTO CTPX (MAPX, MAXE, SL, GIA)
VALUES (N'PX1', N'XE2', 2, 148000000)
GO
INSERT INTO CTPX (MAPX, MAXE, SL, GIA)
VALUES (N'PX2', N'XE4', 2, 256000000)
GO
INSERT INTO CTPX (MAPX, MAXE, SL, GIA)
VALUES (N'PX3', N'XE5', 2, 51000000)
GO
INSERT INTO CTPX (MAPX, MAXE, SL, GIA)
VALUES (N'PX4', N'XE1', 1, 72000000)
GO
INSERT INTO CTPX (MAPX, MAXE, SL, GIA)
VALUES (N'PX5', N'XE2', 2, 148000000)